{"bottomLeft": [0.5116642323087106, -0.1655755902420605, -0.021264765494849056], "topLeft": [0.2315576249044589, -0.16797663129572846, -0.019490867084875116], "topRight": [0.2294997944471433, 0.2353992836521795, -0.019762882358448933], "bottomRight": [0.5058185398379167, 0.23355598007977793, -0.022330781584105425]}