{"bottomLeft": [0.4978084779345779, -0.1386848395946652, -0.025796102948670824], "topLeft": [0.22066774243391915, -0.14470219786909863, -0.02764251442054466], "topRight": [0.2137692974889034, 0.24787073578660002, -0.024760881329201456], "bottomRight": [0.48096748140905454, 0.2537106743403917, -0.02478358350645858]}