{"bottomLeft": [0.49084034488275446, -0.15992659520315947, -0.02822271215405993], "topLeft": [0.24640677279657974, -0.1669500710630529, -0.02575494347315617], "topRight": [0.24700639998418736, 0.18873902877610302, -0.027505066188269645], "bottomRight": [0.5002936410223309, 0.1871899618415176, -0.028577232997851393]}