{"bottomLeft": [0.47993274583935047, -0.20022639940622808, -0.050554476914547314], "topLeft": [0.2117276108223941, -0.19960662753952446, -0.05101615880073879], "topRight": [0.20979374012749483, 0.1900978083854524, -0.05388376647325771], "bottomRight": [0.47573831218388374, 0.19216126397883554, -0.05093472101187886]}