{"bottomLeft": [0.4843885372773994, -0.1653413942279736, -0.053136361381873096], "topLeft": [0.2108273230096066, -0.1702893153029905, -0.05303080102906618], "topRight": [0.20197269241647317, 0.22698104950334386, -0.05440541053151883], "bottomRight": [0.4738910793627421, 0.2275596415646694, -0.05477073201447909]}