{"bottomLeft": [0.47717756513391074, -0.19236392874130087, -0.04820607140638515], "topLeft": [0.2114706256912248, -0.2001126117453986, -0.052604983810634776], "topRight": [0.21141944739705468, 0.1939947774903928, -0.05287776057502991], "bottomRight": [0.4766074575750617, 0.20120311129973925, -0.05342188627479752]}